Year,Month,Singapore,Australia,New Zealand,Canada,United Kingdom,Hong Kong,Sri Lanka,Bangladesh,India,Brunei,USA,China,Russia,Latin America,Arabs,Germany,France,Nor/Swe/Den/Fin,Belg/Lux/Net,Europe,Philippines,Thailand,Taiwan,Indonesia,Pakistan,Japan,South Korea,Others,Peninsular Malaysia,Sabah,Australia & New Zealand,United Kingdom & Ireland,Western Europe,Eastern Europe
2001,January,2619,,,558,,87,,,576,71902,752,423,,,,,,,,,3358,608,1012,30681,,830,,13689,30406,24904,2135,2402,729,76
2001,February,2143,,,486,,106,,,490,68053,708,426,,,,,,,,,3260,634,755,25436,,1027,,11662,17763,18522,1457,2947,985,108
2001,March,2715,,,473,,52,,,655,76029,773,780,,,,,,,,,3207,608,903,24325,,1170,,12726,27103,18657,1632,3074,948,199
2001,April,2693,,,440,,73,,,662,127016,703,603,,,,,,,,,3340,719,757,25462,,797,,13591,20518,20998,1703,3054,939,72
2001,May,2905,,,424,,62,,,570,69990,825,554,,,,,,,,,3636,693,815,25749,,973,,11399,26748,24237,1587,2612,1079,138
2001,June,3590,,,427,,71,,,774,65829,867,436,,,,,,,,,3539,753,788,25060,,1034,,11441,27552,21107,1739,3006,968,127
2001,July,2371,,,570,,127,,,620,58389,920,661,,,,,,,,,4102,915,1282,26771,,621,,12254,21344,16739,2082,3324,1110,340
2001,August,2525,,,730,,198,,,689,103251,751,572,,,,,,,,,4253,892,1308,25308,,1062,,14968,21515,21773,2007,3655,1519,111
2001,September,2325,,,361,,71,,,835,69794,600,1004,,,,,,,,,4744,996,691,22776,,908,,17957,33306,38447,1965,3075,803,194
2001,October,2252,,,336,,63,,,888,68342,575,749,,,,,,,,,5039,947,557,22693,,642,,12014,32030,14651,1735,3082,929,90
2001,November,2799,,,378,,71,,,590,75117,610,757,,,,,,,,,4319,1053,668,21949,,725,,13010,30187,22084,1435,2673,697,37
2001,December,3449,,,507,,118,,,692,137477,627,676,,,,,,,,,6131,1035,711,24156,,754,,19327,38338,30224,1708,3313,525,41
2002,January,2326,,,471,,83,,,552,69203,762,795,,,,,,,,,4420,918,879,26074,,591,,20085,20689,18497,1823,2878,920,65
2002,February ,2830,,,647,,136,,,626,78587,716,640,,,,,,,,,5114,913,992,21975,,871,,13181,28039,21383,1755,3140,1091,118
2002,March,2989,,,651,,101,,,746,77982,948,886,,,,,,,,,4681,976,957,25078,,1097,,14161,25104,19395,1935,3486,1437,50
2002,April,2510,,,497,,79,,,740,114181,696,736,,,,,,,,,4459,1024,726,26166,,953,,13010,30074,14216,1904,3138,1039,119
2002,May,2768,,,568,,83,,,661,73507,831,811,,,,,,,,,4853,957,776,24736,,947,,13264,37598,20867,1763,2979,477,64
2002,June,3623,,,555,,116,,,779,71652,868,843,,,,,,,,,4459,932,685,24130,,909,,11394,29025,25754,2149,3107,845,56
2002,July,2450,,,651,,128,,,878,58282,962,986,,,,,,,,,4550,953,1228,25794,,1051,,11455,30948,16701,1929,3295,1348,55
2002,August,2563,,,687,,389,,,923,102759,803,1011,,,,,,,,,5231,1116,1120,26169,,1083,,12699,22861,16584,2022,3707,1723,79
2002,September,2325,,,454,,107,,,691,104302,735,989,,,,,,,,,4970,1159,819,26252,,932,,9384,23480,22202,1777,3095,2371,49
2002,October,2257,,,475,,98,,,713,69737,810,1212,,,,,,,,,5324,1133,628,25434,,840,,8577,27640,53571,1842,2922,1928,61
2002,November,2839,,,491,,105,,,672,71605,651,1484,,,,,,,,,5287,1189,719,25515,,802,,11615,28263,52812,1540,2782,1219,57
2002,December,3048,,,544,,68,,,811,130709,495,998,,,,,,,,,6708,1184,660,42419,,880,,13951,27476,33767,1608,2784,914,119
2003,January,1160,,,400,,59,,,386,71292,203,383,,,,,,,,,5694,917,373,27200,,374,,15231,10288,14405,1100,1878,281,21
2003,February,2146,,,436,,45,,,450,30169,549,1069,,,,,,,,,2598,229,464,24518,,660,,12396,21712,8579,1072,2007,999,130
2003,March,1428,,,536,,68,,,461,66762,750,951,,,,,,,,,2238,358,551,28647,,805,,14611,21590,19020,1196,2301,1907,42
2003,April,1251,,,253,,22,,,418,20284,404,611,,,,,,,,,1410,203,241,20601,,484,,9830,15880,8048,918,1991,1064,44
2003,May,1708,,,402,,33,,,684,53223,496,421,,,,,,,,,5830,997,222,28648,,473,,11846,21898,16749,1328,2613,891,13
2003,June,4373,,,576,,100,,,565,94291,877,759,,,,,,,,,6359,1191,449,29103,,796,,15503,36733,26244,2113,2996,963,74
2003,July,2810,,,506,,47,,,935,67776,714,1041,,,,,,,,,7229,1223,545,33803,,919,,12752,25369,18938,1969,3403,1486,130
2003,August,2703,,,706,,175,,,994,80439,897,1079,,,,,,,,,8375,1105,782,32038,,608,,17444,32500,19042,1933,3780,1442,62
2003,September,3179,,,664,,112,,,954,114213,843,1106,,,,,,,,,5343,1323,664,30784,,969,,19371,31794,20630,2211,3378,1778,198
2003,October,2654,,,619,,105,,,977,77211,709,761,,,,,,,,,10065,1193,779,32677,,580,,15005,18476,17037,2089,2951,1263,60
2003,November,3195,,,790,,79,,,898,127939,601,885,,,,,,,,,6653,1199,700,43003,,839,,21205,26169,28390,1812,3098,892,124
2003,December,2939,,,494,,78,,,722,123130,701,1492,,,,,,,,,7194,1225,701,30752,,799,,11548,30115,30511,1527,2861,1211,72
2004,January,3835,,,1092,,153,,,975,98247,912,955,,,,,,,,,10791,1617,628,37805,,720,,21412,17706,15306,2566,3528,1283,42
2004,February,3045,,,1002,,96,,,1067,98244,919,840,,,,,,,,,10400,1563,840,34899,,906,,20419,14526,13254,2199,3767,1427,75
2004,March,3474,,,791,,68,,,967,100350,946,800,,,,,,,,,10860,1585,424,33348,,896,,25519,23344,15185,1932,3230,1892,87
2004,April,3144,,,868,,62,,,1140,80612,866,885,,,,,,,,,10582,1536,645,33212,,996,,18648,22055,14159,2462,3531,1139,35
2004,May,2160,,,668,,73,,,770,78216,712,539,,,,,,,,,4585,7024,381,18872,,662,,17808,22663,14806,2751,3016,820,145
2004,June,3213,,,988,,164,,,1153,118248,1189,899,,,,,,,,,5336,1148,888,28907,,1136,,19311,23053,17399,2442,3737,1410,103
2004,July,2994,,,1221,,52,,,1262,91282,1103,1298,,,,,,,,,10987,1597,885,38103,,943,,16811,13792,10049,2797,4154,2341,115
2004,August,3533,,,1053,,94,,,1140,86616,2567,1205,,,,,,,,,10261,1462,1019,34706,,1222,,17955,17271,16614,2353,4035,2040,72
2004,September,3529,,,983,,55,,,1264,113765,866,1055,,,,,,,,,7488,1371,774,31367,,743,,19758,15729,13891,2546,3787,2150,83
2004,October,3152,,,886,,53,,,1102,121606,1050,1046,,,,,,,,,8103,1473,647,45536,,802,,23859,15297,14467,2228,4416,2056,45
2004,November,3716,,,852,,107,,,1044,126504,923,1324,,,,,,,,,8572,1361,691,26903,,768,,21177,22573,16406,2397,3618,1666,77
2004,December,5771,,,1025,,91,,,1095,144161,944,1239,,,,,,,,,6159,1393,553,37894,,772,,27623,26199,14039,2836,3679,1282,102
2005,January,3422,,,826,,51,,,1100,103024,932,1258,,,,,,,,,8661,1653,670,35043,,709,,12731,18400,13464,2953,4364,1246,102
2005,February ,3620,,,776,,66,,,885,125211,861,960,,,,,,,,,8668,1676,671,34386,,782,,21523,24691,20616,2131,3692,303,45
2005,March,4206,,,881,,70,,,1174,157161,1030,1687,,,,,,,,,9423,1742,505,17432,,891,,2880,38393,25997,2554,4271,2358,56
2005,April,3515,,,705,,82,,,1126,95041,850,1322,,,,,,,,,8852,1762,516,36056,,772,,16857,29127,22823,2346,3355,2143,738
2005,May,3311,,,554,,25,,,940,95955,777,1400,,,,,,,,,9454,1650,620,38011,,849,,18070,46805,14088,1888,3118,1877,59
2005,June,5026,,,852,,46,,,1187,116383,1055,1482,,,,,,,,,8651,1603,586,34293,,814,,17156,48262,21191,2595,3539,2656,49
2005,July,3618,,,871,,54,,,1199,98554,885,1671,,,,,,,,,8327,1361,727,36710,,892,,17995,20704,19947,2799,4397,2791,38
2005,August,3222,,,761,,66,,,1080,100400,972,1252,,,,,,,,,7825,1406,721,33257,,900,,15096,33034,21927,2192,3581,3461,231
2005,September,3438,,,771,,22,,,1055,107707,1037,2328,,,,,,,,,8409,1561,668,41878,,1007,,20053,32386,26609,2209,3511,2196,71
2005,October,3154,,,551,,11,,,905,100393,939,2524,,,,,,,,,8059,1439,607,46707,,803,,15078,32409,25323,2166,3347,1941,66
2005,November,2382,,,512,,51,,,460,45496,903,1092,,,,,,,,,2382,371,468,30623,,555,,13572,52537,37829,1625,1829,997,396
2005,December,3745,,,951,,40,,,1108,173467,961,1951,,,,,,,,,8577,1207,1207,44174,,779,,21524,70217,64543,2294,3379,624,180
2006,January,3535,,,809,,47,,,1181,116158,947,2379,,,,,,,,,9137,1544,724,40683,,1201,,17966,84507,33378,2091,3353,568,194
2006,February ,2470,,,645,,72,,,1157,92537,860,1626,,,,,,,,,7327,1390,660,28723,,991,,3146,45293,26480,1735,2936,1339,151
2006,March,3065,,,798,,94,,,985,103156,863,1627,,,,,,,,,7325,1283,617,31214,,830,,2796,40344,23918,2019,3289,1464,632
2006,April,3163,,,704,,58,,,1048,82602,837,1450,,,,,,,,,6922,1093,514,35394,,736,,13581,39526,18710,2286,3302,1596,475
2006,May,2878,,,652,,39,,,855,40042,783,1617,,,,,,,,,2892,447,484,36630,,743,,13145,43510,16335,1963,2953,1098,142
2006,June,4345,,,309,,54,,,1165,96482,822,1530,,,,,,,,,5884,1109,715,32838,,1425,,20094,48592,26879,2083,2985,226,1328
2006,July,3119,,,806,,52,,,1460,88332,747,1653,,,,,,,,,6526,938,997,37364,,956,,11302,46277,22698,2923,3634,3372,537
2006,August,2563,,,635,,36,,,1306,97583,790,1691,,,,,,,,,5992,1183,786,34073,,955,,10337,61359,22489,1920,3377,2870,907
2006,September,2789,,,557,,34,,,1075,107689,720,1641,,,,,,,,,6083,1327,411,35295,,737,,14009,48414,25294,2232,3288,2353,633
2006,October,2666,,,649,,29,,,1015,121280,710,1777,,,,,,,,,6466,1484,452,29406,,805,,15199,44695,23104,2165,3536,1582,391
2006,November,3256,,,629,,95,,,1131,91921,790,1896,,,,,,,,,6421,1498,549,29333,,818,,11268,47049,22219,1685,2638,1468,212
2006,December,4784,,,885,,67,,,1535,143856,838,2015,,,,,,,,,3638,492,472,36470,,809,,19644,58829,28732,2401,3371,1984,229
2007,January,2472,1652,554,618,2644,20,40,97,1214,106308,804,1494,41,64,105,577,692,265,677,194,6240,1172,413,35808,242,566,408,11567,43063,22266,,,,
2007,February ,3097,1491,526,789,2639,47,46,104,1403,99116,1088,1517,52,61,192,525,381,379,777,455,6967,1627,583,34399,246,729,355,13978,40368,20762,,,,
2007,March,3293,1881,471,916,3529,38,50,62,1513,153291,1082,2128,79,85,125,632,137,440,788,545,6632,1434,424,32394,295,838,405,14947,60990,40869,,,,
2007,April,2477,1232,409,510,2650,33,30,89,1205,88014,793,1754,35,74,107,469,231,318,806,420,6375,1353,387,26329,253,564,221,10154,61883,40560,,,,
2007,May,2964,1202,621,635,2881,25,28,74,1603,125699,845,1797,41,92,132,513,237,231,752,379,9408,2023,422,38911,272,630,305,11065,70311,40791,,,,
2007,June,4835,1736,591,619,2985,45,35,78,1517,129619,1131,1574,38,89,139,346,306,231,634,284,6666,1353,385,35201,286,591,305,11879,53546,30162,,,,
2007,July,3221,2413,674,850,3479,40,64,209,1460,100819,1425,1796,286,88,239,719,465,595,1574,396,7245,1628,701,38631,333,751,412,13405,77494,40913,,,,
2007,August,3004,1549,647,710,3568,94,62,125,1622,117390,1068,2648,65,57,298,815,657,361,1344,1076,7534,1597,726,29001,295,943,464,12425,105310,53795,,,,
2007,September,3085,2092,623,580,2848,35,35,90,1190,103623,904,2386,64,83,105,587,341,461,970,559,7326,1622,555,28354,256,840,318,11456,55711,38223,,,,
2007,October,2806,1563,493,722,3159,25,20,44,1386,127295,996,2485,329,83,145,445,262,207,1020,491,7796,1825,474,42923,303,716,322,16012,53160,33056,,,,
2007,November,5163,2753,719,873,3956,23,45,131,1726,117667,2397,2754,71,65,142,1692,731,821,1212,679,7885,2303,1313,32017,394,1113,350,14118,54446,47132,,,,
2007,December,4877,1971,694,882,2895,151,49,134,1793,227901,1384,2670,62,89,135,441,207,344,640,362,9566,2007,710,36831,314,720,418,21869,57117,52140,,,,
2008,January,2919,1791,573,758,2632,60,66,228,1573,125762,1058,2796,99,94,105,402,167,426,749,661,9421,2007,770,39396,437,782,575,15499,47319,29360,,,,
2008,February,2714,1428,448,724,2593,63,51,117,1440,102602,862,2118,99,69,145,308,174,404,586,405,8153,1747,433,39354,273,685,285,9135,45804,37485,,,,
2008,March,3303,1371,403,549,2778,24,58,166,1203,123541,794,2788,71,53,151,885,280,553,759,470,6903,1603,546,26392,238,669,294,687,48577,34129,,,,
2008,April,2641,1370,445,518,2516,33,63,158,1132,98132,648,3686,88,54,120,511,346,417,734,517,7081,1884,429,38158,274,917,357,1058,33183,31936,,,,
2008,May,3010,1133,463,522,2348,17,40,126,1396,106352,639,2991,59,86,128,317,190,235,661,366,7881,1729,403,29683,328,582,349,1712,66880,40882,,,,
2008,June,3904,1357,567,588,2894,35,90,154,1921,136306,948,3103,46,64,144,140,84,115,447,506,7808,1967,526,33734,264,828,269,1633,53883,40126,,,,
2008,July,3228,2233,776,947,3821,36,102,207,1830,103088,1041,3876,114,99,253,913,802,818,2124,1385,8048,1943,878,42009,402,967,580,1562,84828,37374,,,,
2008,August,3201,2401,554,804,3820,26,54,210,1948,102062,953,3737,68,90,289,962,865,724,1686,1471,7401,1838,1074,40904,318,1067,532,1566,60850,32021,,,,
2008,September,2694,1921,563,512,2957,5,70,120,1465,113629,887,2967,58,98,120,597,270,303,1103,466,7488,1507,703,37093,217,811,326,832,44907,31496,,,,
2008,October,2885,1857,583,600,3352,16,67,232,1716,110220,911,3274,50,121,212,565,340,326,1076,660,8599,1658,755,37007,393,881,505,1161,87900,27615,,,,
2008,November,3876,1646,467,512,2793,16,59,319,1740,115876,804,2960,71,108,232,530,229,276,836,514,8460,1796,609,38031,307,845,423,1585,51323,40775,,,,
2008,December,6023,2110,560,816,3051,39,88,226,1918,185208,1041,3044,96,81,261,504,311,380,788,622,10576,1728,594,41395,369,840,555,1837,82776,57575,,,,
2009,January,3820,2081,691,729,1809,235,31,63,2099,123743,721,1648,25,63,179,838,118,134,439,561,8879,1807,656,30453,320,614,223,1387,65937,35747,,,,
2009,February ,2860,1311,383,669,2601,39,31,106,1524,80522,878,3124,45,65,180,243,104,169,476,389,7600,1453,526,31762,376,719,278,1204,37233,19139,,,,
2009,March,4483,1435,407,633,2933,44,80,272,1710,107169,1247,2988,59,113,204,952,375,552,857,648,8451,1656,619,46549,349,901,384,1420,34834,32861,,,,
2009,April,3819,1841,467,623,3332,14,70,246,1875,92997,985,3549,82,162,219,707,449,459,933,749,9416,1908,544,43046,405,756,376,1838,60115,24779,,,,
2009,May,3718,1660,581,613,3498,50,106,303,2028,96707,1047,3549,98,128,214,671,500,319,853,372,9552,1581,779,47535,336,765,596,1545,58007,35809,,,,
2009,June,5868,1788,581,566,3073,37,60,298,1934,111902,1016,3005,68,155,225,622,357,397,936,744,9624,1671,619,42391,432,776,533,1346,84733,36219,,,,
2009,July,3283,2041,498,771,3749,34,66,292,1616,57646,1082,3497,135,123,358,690,747,592,1788,1394,8425,1363,628,45563,363,733,472,1802,115100,15303,,,,
2009,August,3393,1597,478,691,3670,21,131,266,1845,70339,929,3498,69,154,247,887,830,337,1560,2563,9764,1547,794,38790,394,943,434,1573,66442,30754,,,,
2009,September,3463,1811,523,448,2985,6,94,404,1575,83186,782,3158,76,108,158,550,404,298,1215,1090,8856,1522,736,40108,316,854,318,1344,55136,29176,,,,
2009,October,4219,1879,418,539,3379,11,75,868,1789,74749,944,3478,103,197,278,519,425,379,1287,656,8257,1733,755,42842,359,936,347,1693,50323,32345,,,,
2009,November,5111,1656,458,590,2907,17,65,330,1848,85492,963,3693,98,139,257,602,317,383,830,640,8836,1659,629,38511,342,946,432,1489,59597,26336,,,,
2009,December,6206,2113,574,611,2926,36,77,189,1990,219467,906,3290,128,103,246,388,266,357,782,732,8577,1428,701,51454,352,820,643,1760,101114,56170,,,,
2010,January,3363,1859,415,586,2730,9,77,195,1616,87521,882,3833,67,94,200,552,255,559,740,471,7345,1364,596,43032,423,872,950,1776,53550,51845,,,,
2010,February ,3107,1602,351,582,2337,22,33,78,1402,80688,774,2731,53,36,86,129,115,129,407,540,6614,1192,924,28308,231,700,229,1452,57159,35218,,,,
2010,March,3297,1166,340,523,2440,26,80,111,1468,126938,668,2883,56,47,151,503,277,473,670,643,6784,1122,464,21156,384,598,330,1387,60807,44467,,,,
2010,April,2848,1001,305,406,2141,23,52,122,1199,69384,629,2460,74,41,131,345,224,210,401,453,5528,954,317,29586,229,432,243,1338,55430,51261,,,,
2010,May,3153,1154,338,512,2507,20,51,198,1384,84998,750,2746,38,62,136,459,317,198,691,709,5433,1135,483,31320,263,647,388,1587,62441,47308,,,,
2010,June,3885,2185,497,478,2472,112,50,131,1181,81478,1039,2386,71,145,186,497,255,341,859,368,5236,1002,610,33199,319,974,399,1018,55040,49596,,,,
2010,July,2738,1788,444,524,2638,48,77,131,1382,93511,909,2814,60,98,266,562,697,587,1547,1031,4730,1037,664,33971,307,997,573,1363,104074,46191,,,,
2010,August,2891,1324,474,547,2938,27,138,180,1314,82194,749,3272,64,96,292,727,819,350,1166,2187,5346,872,646,36789,396,949,474,1895,49906,57992,,,,
2010,September,3015,1458,397,428,2352,23,68,100,1267,96364,683,2502,34,78,118,621,242,211,1009,513,5311,1247,398,38344,317,792,407,2369,60759,48922,,,,
2010,October,3236,1353,392,495,2671,31,81,113,1365,91395,687,3175,68,98,162,574,267,344,856,690,5500,1428,467,29943,333,881,387,1851,56075,51422,,,,
2010,November,3283,1250,327,451,2292,23,60,101,1408,86899,622,2801,70,76,161,532,223,251,591,539,5339,1268,562,28289,319,877,435,1831,57974,51266,,,,
2010,December,3927,1378,457,406,1918,111,58,134,1547,206750,615,2785,44,67,182,361,165,264,420,522,7604,2872,647,29773,311,756,512,2008,73842,90170,,,,
2011,January,2845,2041,396,610,2337,44,65,137,1728,125488,957,2842,71,87,195,469,207,547,535,706,6648,1526,644,35507,435,782,659,2281,62244,53311,,,,
2011,February,2630,1258,339,577,2285,22,114,157,1530,89896,758,2969,40,120,165,605,304,509,462,700,6288,1289,513,37437,319,689,451,1913,53191,48066,,,,
2011,March,3531,1126,393,602,2441,52,99,137,1563,123927,789,2802,40,89,132,460,356,368,547,681,6600,1070,441,41388,304,693,320,2351,53005,52922,,,,
2011,April,3494,1772,499,563,2786,28,80,132,1707,115146,914,2777,47,91,244,583,445,448,776,759,6448,1216,589,38862,297,767,348,2166,63143,50698,,,,
2011,May,3293,1449,433,665,2184,42,99,183,1776,125128,907,2933,86,114,229,798,389,223,873,638,6750,1481,767,27338,268,779,415,2083,60508,39672,,,,
2011,June,5176,1457,545,534,2045,18,79,132,1597,117714,914,2820,86,143,346,506,449,307,814,728,5307,1060,653,35722,333,864,516,2115,85783,67889,,,,
2011,July,3651,2131,625,725,3011,24,106,242,2021,126994,1157,3277,78,130,406,806,920,656,1954,1420,6296,1197,1040,37136,395,966,536,2640,61989,47660,,,,
2011,August,2999,1387,446,556,2755,40,108,91,1603,141195,868,3382,35,76,245,885,942,331,1218,2264,5661,1079,965,27535,277,1010,502,2305,61971,56695,,,,
2011,September,3211,1544,334,502,2387,37,96,144,1586,129378,778,2926,73,251,263,607,363,356,1084,854,5747,1013,1010,30748,321,930,405,2164,70893,56195,,,,
2011,October,3010,1579,483,683,2645,25,81,98,1578,106108,940,2804,99,115,321,594,438,429,1052,840,5328,1014,691,31420,263,946,472,1743,61151,52700,,,,
2011,November,5324,1611,401,595,2289,20,89,94,2511,134685,838,2694,46,77,282,461,262,416,696,716,7607,2933,661,33747,266,898,501,1732,69371,56669,,,,
2011,December,6822,2074,525,742,2507,45,88,180,2916,217864,939,3083,81,171,281,424,327,397,753,843,8972,3252,769,38427,320,925,552,2577,91529,74882,,,,
2012,January,4382,2889,526,750,2301,21,112,168,2526,157265,960,2856,76,103,327,443,267,374,717,801,8805,2961,761,33052,269,887,702,2219,73003,57337,,,,
2012,February,3047,1292,423,739,2516,21,168,241,2314,121857,978,3338,67,114,378,569,386,484,831,963,8251,2614,613,31888,365,1465,480,2255,55987,40067,,,,
2012,March,5159,1699,480,849,2983,32,70,192,2706,169687,1225,3682,99,130,348,1269,436,440,864,1023,9238,3069,721,34664,369,1165,417,2492,64369,46109,,,,
2012,April,4760,1642,399,746,2867,5,105,142,2798,135330,1017,3913,79,137,205,631,505,423,581,980,9726,3086,889,32286,358,1146,412,2047,65905,42943,,,,
2012,May,4398,1496,403,693,2625,7,80,188,2804,128191,981,3808,38,81,204,424,492,279,615,877,9141,2383,590,30326,343,1205,391,1821,70024,49808,,,,
2012,June,5749,2065,708,708,2879,29,196,314,2995,144804,1266,3508,64,122,739,667,367,430,864,1103,8774,2490,581,31445,471,1361,563,2813,75608,47779,,,,
2012,July,4177,2191,604,880,2909,113,71,240,2731,119986,1363,3960,70,144,665,860,917,794,1970,1662,9193,2394,884,32366,340,1192,595,2417,64000,43913,,,,
2012,August,4111,1612,594,715,3188,30,171,293,2818,160138,1154,3640,61,330,606,995,1011,452,1133,2574,9387,2505,768,35223,424,1388,583,3009,71161,53406,,,,
2012,September,4230,1889,555,661,2608,20,177,364,2844,122304,1130,3720,77,131,592,773,350,386,1045,1363,10264,2958,987,37161,450,1373,528,3097,64123,40782,,,,
2012,October,4340,1739,639,777,2891,12,163,304,4711,129773,1217,3532,93,118,612,750,485,521,766,1337,9992,2839,801,38568,377,1415,525,3098,69709,42704,,,,
2012,November,4919,1651,596,688,2441,23,79,203,2611,140204,1036,3782,62,115,524,691,274,431,539,1425,9568,2409,638,37726,305,1259,570,2592,80715,49007,,,,
2012,December,6402,2012,797,682,2991,19,75,239,3029,199384,1234,3587,83,160,614,650,304,519,695,1331,10835,2613,677,42367,360,1338,521,2944,105154,60695,,,,
2013,January,3611,1794,579,725,2194,6,73,585,2804,144913,992,3111,169,86,248,521,272,434,491,922,10335,2806,703,40701,1163,1105,643,2822,74239,43632,,,,
2013,February,4157,1562,505,915,2379,9,194,355,2904,132225,1123,3361,86,83,329,618,294,578,614,848,10031,3100,989,39660,348,1101,525,2478,81853,42207,,,,
2013,March,5228,1707,611,865,2919,220,91,311,2950,157924,1425,3442,121,418,283,963,493,706,650,1297,9221,3201,885,39724,367,1181,577,2982,86977,43517,,,,
2013,April,4362,1759,434,655,2925,11,85,283,3221,127311,916,4072,83,98,275,597,464,422,526,1118,10424,2950,636,36080,331,1124,452,2737,78221,38630,,,,
2013,May,4520,1591,545,741,3249,17,108,240,3088,111249,1119,3540,112,174,319,557,512,482,676,1182,9506,2462,601,32494,334,1246,571,2772,97715,49216,,,,
2013,June,6346,1987,478,615,2839,65,67,277,2874,140487,1260,3168,75,405,402,517,425,475,706,1395,9000,2362,598,34163,379,1158,647,2779,111731,59647,,,,
2013,July,3566,1856,495,671,3021,58,63,233,2571,119401,1050,3642,84,123,320,759,910,731,1639,2138,8930,2265,615,35119,235,1096,547,2525,88391,38779,,,,
2013,August,3830,1582,465,736,3422,26,92,217,2799,152895,1125,3711,106,115,336,926,979,593,1098,2640,9999,2224,753,44244,349,1254,661,2922,102858,56309,,,,
2013,September,4261,1903,423,581,2776,10,171,227,2603,129345,1120,3412,102,86,361,742,399,474,862,1592,11130,2862,623,38922,377,947,496,2354,86505,44337,,,,
2013,October,3955,1638,532,724,2939,5,80,203,2867,130531,999,3502,112,124,349,528,424,741,740,1433,10108,2516,506,37590,417,1008,490,2783,83146,40986,,,,
2013,November,4846,1628,332,668,2491,23,73,198,2712,134586,973,3576,117,108,332,518,319,550,589,1359,9811,2366,647,40863,364,1078,499,2475,104854,50860,,,,
2013,December,6110,2274,547,696,3009,81,89,180,2844,229237,1030,3646,82,98,443,494,400,513,571,1389,11075,2342,614,45101,397,982,612,2710,125394,77062,,,,
2014,January,4204,2202,509,890,2251,267,60,285,2835,142079,1132,3510,162,76,399,546,513,597,630,1490,11028,3143,664,42099,340,971,703,2690,86253,57172,,,,
2014,February,3372,1401,353,809,2278,459,145,238,2789,134888,969,3764,70,77,367,532,368,545,519,1876,10244,2611,709,37250,336,1038,569,1964,74805,51867,,,,
2014,March,4409,1552,446,846,2998,402,65,190,2603,164170,1044,3752,144,111,389,1308,538,568,633,1346,10183,2827,618,40087,339,1298,599,2487,93070,63514,,,,
2014,April,3939,1929,443,615,2760,15,91,269,2671,134639,938,3658,101,114,290,805,534,464,707,1315,11047,2873,554,42870,340,895,552,2772,89466,57489,,,,
2014,May,4140,1647,494,687,3085,7,88,273,3299,158056,1106,3348,95,123,378,543,491,476,590,1618,11636,2517,497,45507,344,1048,546,2462,97941,68079,,,,
2014,June,4947,1745,500,594,2694,67,55,203,2807,163968,1224,3267,80,105,409,414,443,479,686,1267,10784,2350,750,44289,358,1118,647,2524,103166,69667,,,,
2014,July,3624,2119,593,797,3350,18,54,232,2872,139667,1285,3663,84,86,319,649,1050,776,1716,2307,11795,2313,1035,41116,314,1084,658,2555,78106,44238,,,,
2014,August,3592,1626,398,699,3404,71,85,377,2922,176763,1040,3249,139,203,425,984,1206,470,1313,2954,11731,2649,961,57945,411,1343,755,2913,88490,64312,,,,
2014,September,3969,1848,436,689,2882,90,116,188,2798,165913,1105,3403,101,115,377,804,428,577,853,1624,10835,2952,654,49656,342,1231,617,2320,90996,64580,,,,
2014,October,3771,1504,460,663,3093,89,146,232,2987,189964,1042,3313,116,118,316,675,439,615,808,1954,13001,2835,893,50780,351,1088,667,2053,89065,67161,,,,
2014,November,3891,1451,341,575,2469,60,46,233,1867,152936,878,2453,81,82,379,464,246,499,512,1391,11314,2436,615,48246,239,838,506,2113,92016,66417,,,,
2014,December,5201,2015,421,700,2590,82,56,148,2037,229177,1015,2355,87,158,409,458,314,456,898,1070,12263,2449,483,47313,263,748,629,2402,117111,87031,,,,
2015,January,2870,1524,371,576,1894,71,38,172,2091,156375,779,2124,126,78,470,393,259,439,571,1165,11383,2934,455,42539,308,700,652,2244,81773,59155,,,,
2015,February ,3856,1498,331,729,2378,99,82,161,1544,155134,828,1860,85,101,401,534,360,477,618,1357,11458,2829,627,41433,210,701,517,1970,85243,71582,,,,
2015,March,3939,1453,416,780,2854,80,94,146,2210,172144,1152,3103,108,262,367,752,398,645,849,1614,11461,3283,511,50643,217,909,740,2276,97669,74689,,,,
2015,April,3757,1608,456,773,2369,69,70,190,2434,155127,1181,2686,67,143,287,617,484,422,833,1552,12327,3097,498,46801,344,669,643,2407,88882,70193,,,,
2015,May,3688,1390,362,792,2432,72,67,213,2887,122401,1128,3285,81,98,320,498,420,345,810,1272,10253,2573,529,37030,337,870,493,2483,98129,73573,,,,
2015,June,4791,1643,430,489,1811,57,107,326,2535,107756,993,2742,74,98,281,430,316,365,594,1481,8046,2348,646,34253,317,987,781,2475,101033,74373,,,,
2015,July,3208,1550,443,577,2516,86,102,198,2519,144850,873,2844,49,91,253,681,763,636,1521,1893,8693,2402,789,36717,314,824,741,2568,92072,89229,,,,
2015,August,3037,1316,392,507,2565,63,129,226,2584,113000,894,3141,93,100,341,963,998,388,1163,2859,8233,2422,717,39376,322,1108,799,2835,80817,73469,,,,
2015,September,3423,1512,426,466,1966,61,97,191,2375,115501,810,2997,69,132,236,696,383,408,1001,1157,7689,2276,669,35163,284,897,705,2083,86711,77915,,,,
2015,October,2698,1309,358,551,2574,84,144,199,2523,105218,809,2791,91,105,291,515,365,479,834,1443,7598,2324,552,38332,317,874,563,1961,85347,70835,,,,
2015,November,2890,1428,317,742,2051,70,35,198,2073,92652,918,2636,159,138,250,488,301,467,765,1013,6474,1286,788,35604,275,1016,612,2169,95162,77045,,,,
2015,December,4670,2001,410,689,2353,84,90,176,2200,145839,778,2707,82,77,302,309,254,345,651,689,8001,1714,648,45280,317,915,739,2637,122420,92847,,,,
2016,January,2727,1737,360,664,1967,99,97,205,2050,74127,733,2531,144,100,404,436,246,319,576,894,6098,1138,658,43462,299,1063,789,3245,78342,57581,,,,
2016,February,3483,1883,318,943,2520,79,159,137,2206,96394,1044,2536,139,128,301,890,378,535,797,1591,6712,1196,918,37137,1772,1016,720,2821,95686,99744,,,,
2016,March,3759,1473,437,832,2972,98,78,306,2696,133082,787,3637,73,80,350,781,347,344,541,915,6970,1777,719,37749,317,1017,591,1967,96441,110116,,,,
2016,April,2878,1623,359,758,2832,74,89,222,2818,115951,1493,3073,57,189,277,566,518,317,739,831,6563,1269,513,34256,323,814,571,2438,86427,102225,,,,
2016,May,2993,1200,371,666,2752,12,77,207,2335,103496,819,2905,60,107,315,458,348,183,692,593,6092,1196,502,38504,240,836,647,1838,99925,106585,,,,
2016,June,3633,1231,392,573,2029,73,105,168,2182,101928,789,2959,81,89,227,462,257,278,554,793,5291,1288,673,32824,233,813,795,1956,90912,105563,,,,
2016,July,2745,1703,485,761,3227,108,95,169,2391,110264,761,3432,72,102,370,731,857,646,1951,1816,6388,1337,1158,48504,390,897,865,2129,118400,131998,,,,
2016,August,3313,1290,384,600,3565,5,97,184,2552,113412,898,3465,101,100,472,985,856,349,1584,2780,5750,1308,943,41863,351,1247,866,2446,102708,87829,,,,
2016,September,3352,1611,345,558,2447,84,65,171,2296,126163,710,3146,79,81,233,754,383,346,802,1182,5502,1198,831,40034,317,956,665,2025,114796,87592,,,,
2016,October,3061,1160,318,652,2507,68,91,172,2260,121716,718,3540,128,88,236,539,371,416,767,940,5742,1283,691,40647,334,924,625,2205,109911,91592,,,,
2016,November,3512,1459,233,577,1755,62,103,170,2139,109389,637,3803,109,119,245,452,277,337,606,876,5232,1214,855,38595,348,1050,766,1945,110794,78397,,,,
2016,December,4753,2130,415,804,2701,6,80,146,2929,189091,723,3318,109,73,305,323,231,232,621,713,7317,1405,714,47006,434,845,826,2739,136623,102257,,,,
2017,January,3661,2276,449,718,2144,83,106,189,2535,153333,764,3230,123,88,197,372,287,280,554,901,6226,1381,1086,44381,397,903,1053,2167,113794,76772,,,,
2017,February,2692,1184,290,680,2203,66,85,140,2446,129752,604,3786,134,120,197,510,352,309,545,1044,6174,1227,675,41578,415,811,972,2066,96838,71740,,,,
2017,March,3952,1597,469,961,3323,71,61,179,3055,196654,1231,3543,164,372,330,779,418,421,792,1369,5716,1325,1106,40618,434,1105,806,2695,117815,85071,,,,
2017,April,3061,1519,408,807,2752,53,98,153,2775,156521,760,2910,150,82,235,727,495,369,777,1057,5515,1274,690,40550,380,834,739,2219,106088,75666,,,,
2017,May,2054,1270,442,661,2983,80,67,122,2843,147209,725,2869,140,114,195,550,400,232,666,802,5870,1368,834,37439,302,829,954,2045,127027,80421,,,,
2017,June,4093,1633,446,613,2666,102,67,160,2668,151890,900,3076,72,92,206,477,494,292,750,930,6100,1284,814,53647,289,838,1015,1967,104536,86109,,,,
2017,July,2967,1870,505,708,3900,82,131,151,2632,132984,1201,3611,121,186,443,797,1003,806,2137,1954,5921,1550,1618,56382,369,976,1143,2011,100902,77298,,,,
2017,August,3442,1282,456,657,3389,96,164,146,2504,137238,664,3358,124,111,288,1039,1010,301,1416,2705,5172,1406,1222,45737,378,1140,976,2098,71673,84908,,,,
2017,September,4144,1768,392,646,2524,84,111,188,2406,155891,675,3070,116,137,284,644,429,366,939,983,5780,1358,853,39349,415,970,957,1813,102634,86955,,,,
2017,October,3090,1386,430,740,2809,413,125,103,2481,105501,943,2895,130,177,255,624,476,518,862,953,5266,1474,1005,39633,294,798,926,1776,107639,78586,,,,
2017,November,4105,1328,384,635,2159,242,127,109,2358,111005,734,3024,111,115,187,391,249,333,500,866,5090,1271,696,33904,265,846,707,1730,99736,67764,,,,
2017,December,4916,1820,443,676,2547,5,95,135,2648,160805,771,2832,108,120,294,337,252,239,314,990,5550,1050,622,40224,284,767,863,2248,115840,81554,,,,
2018,January,2835,1470,402,628,2225,68,65,149,2343,108207,962,3668,145,145,214,412,303,352,408,940,4142,1013,736,35182,361,721,1117,2417,86539,68178,,,,
2018,February,4047,1365,339,715,2275,3,114,157,2108,95573,620,4781,122,77,238,552,350,331,473,1162,4743,998,859,38014,309,758,920,2389,141954,71559,,,,
2018,March,4372,1423,476,930,3130,9,95,143,3202,130881,1283,4452,153,160,334,769,529,454,692,1378,5168,1083,860,33302,292,877,868,2266,104306,67421,,,,
2018,April,3425,1464,361,860,3061,10,125,172,2321,107937,1186,3454,140,185,215,537,522,290,805,909,5025,1035,805,32308,279,746,748,2207,83275,76598,,,,
2018,May,3177,1052,325,634,2728,2,59,103,2279,106243,649,3286,85,124,230,582,405,195,750,854,4989,1075,597,31387,203,618,772,1727,104867,74078,,,,
2018,June,4855,1351,395,591,2824,1,92,147,2475,124279,1082,2985,103,188,251,460,405,262,743,867,5341,1028,642,35993,272,750,832,1740,114167,76768,,,,
2018,July,3491,1753,521,790,3541,21,84,188,2114,97464,1136,4100,124,128,286,795,1091,533,2062,1984,4564,1173,1245,36382,280,937,1161,2302,130902,68807,,,,
2018,August,3610,1188,382,551,3387,1,109,186,2097,104373,834,4069,137,70,252,888,1111,327,1378,2809,5032,1031,882,34647,319,1097,1157,2144,84808,64940,,,,
2018,September,3514,1210,376,584,2349,156,67,188,1958,133199,642,3307,151,148,221,661,450,332,890,1097,4684,1071,622,35007,240,785,815,1667,134905,72516,,,,
2018,October,2909,1036,313,669,2247,130,48,148,1997,99304,641,3225,137,131,217,411,311,335,654,818,4340,1032,654,37176,225,673,751,2458,138224,66683,,,,
2018,November,3532,1290,269,667,2321,19,64,139,2116,104395,818,3428,318,242,298,445,322,271,552,1116,4999,1101,738,29807,237,752,788,2307,135446,71888,,,,
2018,December,3967,1644,415,669,2158,153,54,161,2243,115706,655,3270,135,74,302,322,227,224,394,718,4904,965,631,38569,332,594,854,2766,202046,77071,,,,
2019,January,2615,1614,389,652,1812,4,70,130,1865,86685,618,3205,163,105,288,381,263,237,450,752,3905,835,749,35450,268,628,1338,1528,145447,68888,,,,
2019,February,3053,1114,246,743,2147,41,88,199,1811,96045,748,3669,129,130,192,479,335,285,511,989,5245,1136,751,32178,344,758,931,1629,111320,69242,,,,
2019,March,3356,1123,321,698,2476,21,93,213,2127,122093,814,3109,136,83,219,598,411,252,551,991,5269,1027,698,26675,277,805,841,2080,100676,141988,,,,
2019,April,3048,1580,320,652,2732,3,100,149,2122,90921,607,3055,174,74,296,582,566,289,761,1032,4652,1040,659,28410,289,763,807,1890,117066,89739,,,,
2019,May,4669,1114,350,708,2774,6,65,125,2342,112727,745,3195,144,99,226,495,437,159,536,813,5358,912,637,29364,176,746,681,1580,95256,58974,,,,
2019,June,6879,1407,412,780,2428,9,65,125,2373,112967,767,3141,105,168,291,453,461,251,722,845,5674,1128,798,39906,287,714,905,1956,177168,69387,,,,
2019,July,3594,1871,442,519,5119,7,103,179,2497,105457,1095,3809,197,116,373,756,1199,417,2207,1873,5535,1249,1259,43834,336,888,865,2354,94524,64809,,,,
2019,August,3459,1209,420,651,3395,8,148,172,2311,108505,863,3594,127,118,337,875,1269,275,1208,3169,5490,1067,1252,34595,300,1276,935,2567,97009,61526,,,,
2019,September,3593,1432,357,563,2192,16,113,217,2337,128625,757,3239,150,118,279,597,558,289,881,1496,5751,1155,808,32553,290,1025,980,2302,171055,87375,,,,
2019,October,3309,1213,294,658,2725,6,97,164,2209,91914,622,3057,133,68,296,508,411,265,643,998,4922,1073,685,33381,209,697,721,2085,158190,84531,,,,
2019,November,3593,1353,278,636,1913,12,111,179,2292,101377,683,3242,158,55,279,402,182,186,339,790,5501,1193,880,31511,231,977,971,2020,161891,89704,,,,
2019,December,5644,1851,470,774,2481,25,117,170,2505,138701,1023,3618,151,100,318,407,233,178,289,874,5936,913,828,50604,421,814,845,1974,174896,89314,,,,
2020,January,4482,2750,498,904,2339,22,79,183,2376,88212,998,3418,187,154,302,527,270,263,471,1006,5485,1024,1055,49766,368,865,1620,2080,172124,75948,,,,
2020,February,1865,867,170,565,1834,11,89,216,2476,59191,365,1168,74,100,299,623,324,396,209,700,3494,925,685,30856,384,708,660,2021,132871,67022,,,,
2020,March,916,355,102,238,933,3,43,67,981,30248,116,682,74,42,118,444,159,146,89,295,1787,540,98,16158,170,272,134,1157,78583,38249,,,,
2020,April,1,2,0,2,2,0,0,2,161,283,1,150,4,0,49,0,0,0,0,3,372,146,14,637,5,0,10,219,3593,4425,,,,
2020,May,3,2,0,5,30,0,0,18,188,340,3,259,2,3,41,2,9,4,1,11,252,164,14,548,1,0,11,304,8118,6399,,,,
2020,June,2,9,0,1,31,1,2,42,312,410,8,193,2,0,21,0,0,9,0,22,409,169,1,886,3,7,13,456,14810,12481,,,,
2020,July,18,19,7,5,24,10,9,43,334,346,15,194,6,0,7,3,12,7,0,5,563,183,9,1329,17,21,47,446,39864,29112,,,,
2020,August,7,4,3,4,19,1,16,22,300,205,4,258,4,1,10,2,0,4,0,3,467,166,20,1082,8,8,16,394,27508,13620,,,,
2020,September,33,17,3,1,35,0,10,30,352,332,14,335,12,6,35,0,1,3,2,9,400,115,42,1158,26,34,46,564,47898,26174,,,,
2020,October,19,15,2,2,24,0,19,18,324,352,5,116,3,2,24,1,0,3,0,4,428,122,4,942,7,4,28,499,8889,6482,,,,
2020,November,14,8,1,0,14,0,6,13,140,324,1,189,0,0,1,7,0,1,0,2,146,27,15,546,8,11,15,137,6899,4837,,,,
2020,December,3,4,1,3,15,0,5,5,101,373,3,231,0,1,50,2,0,0,0,5,269,51,3,472,4,7,8,140,5363,5299,,,,
